id;active;image;image_content_type
1;false;52652d636f6e7465787475616c697a6564;image/png
2;true;536f6c6f6d6f6e2049736c616e6473204c6963656e736564;image/png
3;true;417267656e74696e65205065736f;image/png
4;true;4275636b696e6768616d7368697265204675747572652d70726f6f666564206465706f736974;image/png
5;false;466f72696e74;image/png
6;true;534d5320456e68616e636564;image/png
7;true;426f726465727320636f6e74656e742d6261736564;image/png
8;true;48756d616e206465706f736974;image/png
9;false;70726f6772616d6d696e672053435349206472697665;image/png
10;true;44796e616d696320486f6d65204c6f616e204163636f756e7420546f6f6c73;image/png
